id,SMILES
51095490,Cn1c(C(=O)O)cc2cc(OCCCC3CCN(Cc4ccccc4)CC3)ccc21
51095493,Cn1c(C(=O)N2CCOCC2)cc2cc(OCCCC3CCN(Cc4ccccc4)CC3)ccc21
51095494,CCOC(=O)c1cc2cc(OCCCC3CCN(Cc4ccccc4)CC3)ccc2n1C
51095497,C=CCNCc1cc2cc(OCCCC3CCN(Cc4ccccc4)CC3)ccc2n1C
51095498,Cn1c(CNCc2ccccc2)cc2cc(OCCCC3CCN(Cc4ccccc4)CC3)ccc21
51095499,C#CCNC(=O)c1cc2cc(OCCCC3CCN(Cc4ccccc4)CC3)ccc2n1C
51095500,Cn1c(CN2CCOCC2)cc2cc(OCCCC3CCN(Cc4ccccc4)CC3)ccc21
51095508,C#CCNCc1cc2cc(OCCCC3CCN(Cc4ccccc4)CC3)ccc2n1C
51095874,CCN(CCCCOc1ccc(-c2coc3cc(O)cc(O)c3c2=O)cc1)Cc1ccccc1OC
51095875,CCN(CCCCCCOc1cc(O)c2c(=O)c(-c3ccc(O)cc3)coc2c1)Cc1ccccc1
51095884,CCN(CC)Cc1cccc2oc3cc(OC)ccc3c12
51095886,COc1ccc2c(c1)oc1cccc(CN(C(=O)CCO[N+](=O)[O-])C(C)C)c12
51095889,CCN(CC)Cc1cccc2[nH]c3cc(OC)ccc3c12
51095892,COc1ccc2c(c1)[nH]c1cccc(CN(C(=O)CCO[N+](=O)[O-])C(C)C)c12
